Workbook

Sheet Prospect Tracker
A1: Test Leader — Bio-Age™ Reset Stack Prospect Tracker
A2: Fill in dates as things happen — Current Stage, Priority, and Days Since Last Contact update automatically. See 'How To Use' tab.
A4: First Name | B4: Last Name | C4: Phone | D4: Email | E4: Source / How Met | F4: Date Contacted | G4: Contact Method | H4: Slide Deck: Sent/In Person | I4: Presentation Date | J4: Presentation Status | K4: Next Follow-Up Date | L4: Follow-Up Notes | M4: Enrollment Type | N4: Enrollment Date | O4: Referral Ask | P4: Onboarding Status | Q4: Onboarding Date | R4: Current Stage | S4: Rank | T4: Days Since Last Contact | U4: Next Action | V4: Notes | W4: Priority | X4: Sort Key
R5: =IF(AND($A5="",$B5=""),"",IF(Q5="Complete","Onboarded",IF(OR(M5="Member",M5="Ambassador"),"Sponsored",IF(K5<>"","Follow-Up",IF(I5<>"","Presented",IF(F5<>"","Contacted","New Lead")))))) | T5: =IF(MAX(F5,I5,K5)=0,"",TODAY()-MAX(F5,I5,K5)) | W5: =IF(AND($A5="",$B5=""),"",IF(M5="Ambassador","1 - Ambassador",IF(M5="Member","2 - Member",IF(J5="Completed","3 - Presented",IF(H5<>"","4 - Sent",IF(F5<>"","5 - Contacted","6 - No Activity")))))) | X5: =IF(AND($A5="",$B5=""),9999999+(ROW()-4),VALUE(LEFT($W5,1))*10000+(ROW()-4)) -> 10000000
R6: =IF(AND($A6="",$B6=""),"",IF(Q6="Complete","Onboarded",IF(OR(M6="Member",M6="Ambassador"),"Sponsored",IF(K6<>"","Follow-Up",IF(I6<>"","Presented",IF(F6<>"","Contacted","New Lead")))))) | T6: =IF(MAX(F6,I6,K6)=0,"",TODAY()-MAX(F6,I6,K6)) | W6: =IF(AND($A6="",$B6=""),"",IF(M6="Ambassador","1 - Ambassador",IF(M6="Member","2 - Member",IF(J6="Completed","3 - Presented",IF(H6<>"","4 - Sent",IF(F6<>"","5 - Contacted","6 - No Activity")))))) | X6: =IF(AND($A6="",$B6=""),9999999+(ROW()-4),VALUE(LEFT($W6,1))*10000+(ROW()-4)) -> 10000001
R7: =IF(AND($A7="",$B7=""),"",IF(Q7="Complete","Onboarded",IF(OR(M7="Member",M7="Ambassador"),"Sponsored",IF(K7<>"","Follow-Up",IF(I7<>"","Presented",IF(F7<>"","Contacted","New Lead")))))) | T7: =IF(MAX(F7,I7,K7)=0,"",TODAY()-MAX(F7,I7,K7)) | W7: =IF(AND($A7="",$B7=""),"",IF(M7="Ambassador","1 - Ambassador",IF(M7="Member","2 - Member",IF(J7="Completed","3 - Presented",IF(H7<>"","4 - Sent",IF(F7<>"","5 - Contacted","6 - No Activity")))))) | X7: =IF(AND($A7="",$B7=""),9999999+(ROW()-4),VALUE(LEFT($W7,1))*10000+(ROW()-4)) -> 10000002
R8: =IF(AND($A8="",$B8=""),"",IF(Q8="Complete","Onboarded",IF(OR(M8="Member",M8="Ambassador"),"Sponsored",IF(K8<>"","Follow-Up",IF(I8<>"","Presented",IF(F8<>"","Contacted","New Lead")))))) | T8: =IF(MAX(F8,I8,K8)=0,"",TODAY()-MAX(F8,I8,K8)) | W8: =IF(AND($A8="",$B8=""),"",IF(M8="Ambassador","1 - Ambassador",IF(M8="Member","2 - Member",IF(J8="Completed","3 - Presented",IF(H8<>"","4 - Sent",IF(F8<>"","5 - Contacted","6 - No Activity")))))) | X8: =IF(AND($A8="",$B8=""),9999999+(ROW()-4),VALUE(LEFT($W8,1))*10000+(ROW()-4)) -> 10000003
R9: =IF(AND($A9="",$B9=""),"",IF(Q9="Complete","Onboarded",IF(OR(M9="Member",M9="Ambassador"),"Sponsored",IF(K9<>"","Follow-Up",IF(I9<>"","Presented",IF(F9<>"","Contacted","New Lead")))))) | T9: =IF(MAX(F9,I9,K9)=0,"",TODAY()-MAX(F9,I9,K9)) | W9: =IF(AND($A9="",$B9=""),"",IF(M9="Ambassador","1 - Ambassador",IF(M9="Member","2 - Member",IF(J9="Completed","3 - Presented",IF(H9<>"","4 - Sent",IF(F9<>"","5 - Contacted","6 - No Activity")))))) | X9: =IF(AND($A9="",$B9=""),9999999+(ROW()-4),VALUE(LEFT($W9,1))*10000+(ROW()-4)) -> 10000004
R10: =IF(AND($A10="",$B10=""),"",IF(Q10="Complete","Onboarded",IF(OR(M10="Member",M10="Ambassador"),"Sponsored",IF(K10<>"","Follow-Up",IF(I10<>"","Presented",IF(F10<>"","Contacted","New Lead")))))) | T10: =IF(MAX(F10,I10,K10)=0,"",TODAY()-MAX(F10,I10,K10)) | W10: =IF(AND($A10="",$B10=""),"",IF(M10="Ambassador","1 - Ambassador",IF(M10="Member","2 - Member",IF(J10="Completed","3 - Presented",IF(H10<>"","4 - Sent",IF(F10<>"","5 - Contacted","6 - No Activity")))))) | X10: =IF(AND($A10="",$B10=""),9999999+(ROW()-4),VALUE(LEFT($W10,1))*10000+(ROW()-4)) -> 10000005
R11: =IF(AND($A11="",$B11=""),"",IF(Q11="Complete","Onboarded",IF(OR(M11="Member",M11="Ambassador"),"Sponsored",IF(K11<>"","Follow-Up",IF(I11<>"","Presented",IF(F11<>"","Contacted","New Lead")))))) | T11: =IF(MAX(F11,I11,K11)=0,"",TODAY()-MAX(F11,I11,K11)) | W11: =IF(AND($A11="",$B11=""),"",IF(M11="Ambassador","1 - Ambassador",IF(M11="Member","2 - Member",IF(J11="Completed","3 - Presented",IF(H11<>"","4 - Sent",IF(F11<>"","5 - Contacted","6 - No Activity")))))) | X11: =IF(AND($A11="",$B11=""),9999999+(ROW()-4),VALUE(LEFT($W11,1))*10000+(ROW()-4)) -> 10000006
R12: =IF(AND($A12="",$B12=""),"",IF(Q12="Complete","Onboarded",IF(OR(M12="Member",M12="Ambassador"),"Sponsored",IF(K12<>"","Follow-Up",IF(I12<>"","Presented",IF(F12<>"","Contacted","New Lead")))))) | T12: =IF(MAX(F12,I12,K12)=0,"",TODAY()-MAX(F12,I12,K12)) | W12: =IF(AND($A12="",$B12=""),"",IF(M12="Ambassador","1 - Ambassador",IF(M12="Member","2 - Member",IF(J12="Completed","3 - Presented",IF(H12<>"","4 - Sent",IF(F12<>"","5 - Contacted","6 - No Activity")))))) | X12: =IF(AND($A12="",$B12=""),9999999+(ROW()-4),VALUE(LEFT($W12,1))*10000+(ROW()-4)) -> 10000007
R13: =IF(AND($A13="",$B13=""),"",IF(Q13="Complete","Onboarded",IF(OR(M13="Member",M13="Ambassador"),"Sponsored",IF(K13<>"","Follow-Up",IF(I13<>"","Presented",IF(F13<>"","Contacted","New Lead")))))) | T13: =IF(MAX(F13,I13,K13)=0,"",TODAY()-MAX(F13,I13,K13)) | W13: =IF(AND($A13="",$B13=""),"",IF(M13="Ambassador","1 - Ambassador",IF(M13="Member","2 - Member",IF(J13="Completed","3 - Presented",IF(H13<>"","4 - Sent",IF(F13<>"","5 - Contacted","6 - No Activity")))))) | X13: =IF(AND($A13="",$B13=""),9999999+(ROW()-4),VALUE(LEFT($W13,1))*10000+(ROW()-4)) -> 10000008
R14: =IF(AND($A14="",$B14=""),"",IF(Q14="Complete","Onboarded",IF(OR(M14="Member",M14="Ambassador"),"Sponsored",IF(K14<>"","Follow-Up",IF(I14<>"","Presented",IF(F14<>"","Contacted","New Lead")))))) | T14: =IF(MAX(F14,I14,K14)=0,"",TODAY()-MAX(F14,I14,K14)) | W14: =IF(AND($A14="",$B14=""),"",IF(M14="Ambassador","1 - Ambassador",IF(M14="Member","2 - Member",IF(J14="Completed","3 - Presented",IF(H14<>"","4 - Sent",IF(F14<>"","5 - Contacted","6 - No Activity")))))) | X14: =IF(AND($A14="",$B14=""),9999999+(ROW()-4),VALUE(LEFT($W14,1))*10000+(ROW()-4)) -> 10000009
R15: =IF(AND($A15="",$B15=""),"",IF(Q15="Complete","Onboarded",IF(OR(M15="Member",M15="Ambassador"),"Sponsored",IF(K15<>"","Follow-Up",IF(I15<>"","Presented",IF(F15<>"","Contacted","New Lead")))))) | T15: =IF(MAX(F15,I15,K15)=0,"",TODAY()-MAX(F15,I15,K15)) | W15: =IF(AND($A15="",$B15=""),"",IF(M15="Ambassador","1 - Ambassador",IF(M15="Member","2 - Member",IF(J15="Completed","3 - Presented",IF(H15<>"","4 - Sent",IF(F15<>"","5 - Contacted","6 - No Activity")))))) | X15: =IF(AND($A15="",$B15=""),9999999+(ROW()-4),VALUE(LEFT($W15,1))*10000+(ROW()-4)) -> 10000010
R16: =IF(AND($A16="",$B16=""),"",IF(Q16="Complete","Onboarded",IF(OR(M16="Member",M16="Ambassador"),"Sponsored",IF(K16<>"","Follow-Up",IF(I16<>"","Presented",IF(F16<>"","Contacted","New Lead")))))) | T16: =IF(MAX(F16,I16,K16)=0,"",TODAY()-MAX(F16,I16,K16)) | W16: =IF(AND($A16="",$B16=""),"",IF(M16="Ambassador","1 - Ambassador",IF(M16="Member","2 - Member",IF(J16="Completed","3 - Presented",IF(H16<>"","4 - Sent",IF(F16<>"","5 - Contacted","6 - No Activity")))))) | X16: =IF(AND($A16="",$B16=""),9999999+(ROW()-4),VALUE(LEFT($W16,1))*10000+(ROW()-4)) -> 10000011
... R554: =IF(AND($A554="",$B554=""),"",IF(Q554="Complete","Onboarded",IF(OR(M554="Member",M554="Ambassador"),"Sponsored",IF(K554<>"","Follow-Up",IF(I554<>"","Presented",IF(F554<>"","Contacted","New Lead")))))) | T554: =IF(MAX(F554,I554,K554)=0,"",TODAY()-MAX(F554,I554,K554)) | W554: =IF(AND($A554="",$B554=""),"",IF(M554="Ambassador","1 - Ambassador",IF(M554="Member","2 - Member",IF(J554="Completed","3 - Presented",IF(H554<>"","4 - Sent",IF(F554<>"","5 - Contacted","6 - No Activity")))))) | X554: =IF(AND($A554="",$B554=""),9999999+(ROW()-4),VALUE(LEFT($W554,1))*10000+(ROW()-4)) -> 10000549

Sheet Lists
A1: Ranks
A2: Ambassador I
A3: Ambassador II
A4: Sr. Ambassador
A5: Director
A6: Senior Director
A7: Coordinator
A8: Sr. Coordinator
A9: Executive Coordinator
A10: Sr. Executive Coordinator
A11: Key Coordinator
A12: Sr. Key Coordinator
... A15: Presidential Master Coordinator

Sheet Priority View
A1: Test Leader — Priority View
A2: Auto-sorted, live view of Prospect Tracker: Ambassadors first, then Members, then Presented, then Sent, then Contacted, then No Activity. Updates automatically as you edit the Prospect Tracker tab, nothing to sort or refresh.
A4: Priority | B4: First Name | C4: Last Name | D4: Enrollment Type | E4: Current Stage | F4: Presentation Status | G4: Slide Deck | H4: Next Follow-Up Date | I4: Days Since Last Contact | J4: Follow-Up Notes | K4: pos
A5: =IF($K5="","",IF(INDEX('Prospect Tracker'!$W$5:$W$554,$K5)="","",INDEX('Prospect Tracker'!$W$5:$W$554,$K5))) | B5: =IF($K5="","",IF(INDEX('Prospect Tracker'!$A$5:$A$554,$K5)="","",INDEX('Prospect Tracker'!$A$5:$A$554,$K5))) | C5: =IF($K5="","",IF(INDEX('Prospect Tracker'!$B$5:$B$554,$K5)="","",INDEX('Prospect Tracker'!$B$5:$B$554,$K5))) | D5: =IF($K5="","",IF(INDEX('Prospect Tracker'!$M$5:$M$554,$K5)="","",INDEX('Prospect Tracker'!$M$5:$M$554,$K5))) | E5: =IF($K5="","",IF(INDEX('Prospect Tracker'!$R$5:$R$554,$K5)="","",INDEX('Prospect Tracker'!$R$5:$R$554,$K5))) | F5: =IF($K5="","",IF(INDEX('Prospect Tracker'!$J$5:$J$554,$K5)="","",INDEX('Prospect Tracker'!$J$5:$J$554,$K5))) | G5: =IF($K5="","",IF(INDEX('Prospect Tracker'!$H$5:$H$554,$K5)="","",INDEX('Prospect Tracker'!$H$5:$H$554,$K5))) | H5: =IF($K5="","",IF(INDEX('Prospect Tracker'!$K$5:$K$554,$K5)="","",INDEX('Prospect Tracker'!$K$5:$K$554,$K5))) | I5: =IF($K5="","",IF(INDEX('Prospect Tracker'!$T$5:$T$554,$K5)="","",INDEX('Prospect Tracker'!$T$5:$T$554,$K5))) | J5: =IF($K5="","",IF(INDEX('Prospect Tracker'!$L$5:$L$554,$K5)="","",INDEX('Prospect Tracker'!$L$5:$L$554,$K5))) | K5: =IFERROR(MATCH(SMALL('Prospect Tracker'!$X$5:$X$554,ROW()-4),'Prospect Tracker'!$X$5:$X$554,0),"") -> 1
A6: =IF($K6="","",IF(INDEX('Prospect Tracker'!$W$5:$W$554,$K6)="","",INDEX('Prospect Tracker'!$W$5:$W$554,$K6))) | B6: =IF($K6="","",IF(INDEX('Prospect Tracker'!$A$5:$A$554,$K6)="","",INDEX('Prospect Tracker'!$A$5:$A$554,$K6))) | C6: =IF($K6="","",IF(INDEX('Prospect Tracker'!$B$5:$B$554,$K6)="","",INDEX('Prospect Tracker'!$B$5:$B$554,$K6))) | D6: =IF($K6="","",IF(INDEX('Prospect Tracker'!$M$5:$M$554,$K6)="","",INDEX('Prospect Tracker'!$M$5:$M$554,$K6))) | E6: =IF($K6="","",IF(INDEX('Prospect Tracker'!$R$5:$R$554,$K6)="","",INDEX('Prospect Tracker'!$R$5:$R$554,$K6))) | F6: =IF($K6="","",IF(INDEX('Prospect Tracker'!$J$5:$J$554,$K6)="","",INDEX('Prospect Tracker'!$J$5:$J$554,$K6))) | G6: =IF($K6="","",IF(INDEX('Prospect Tracker'!$H$5:$H$554,$K6)="","",INDEX('Prospect Tracker'!$H$5:$H$554,$K6))) | H6: =IF($K6="","",IF(INDEX('Prospect Tracker'!$K$5:$K$554,$K6)="","",INDEX('Prospect Tracker'!$K$5:$K$554,$K6))) | I6: =IF($K6="","",IF(INDEX('Prospect Tracker'!$T$5:$T$554,$K6)="","",INDEX('Prospect Tracker'!$T$5:$T$554,$K6))) | J6: =IF($K6="","",IF(INDEX('Prospect Tracker'!$L$5:$L$554,$K6)="","",INDEX('Prospect Tracker'!$L$5:$L$554,$K6))) | K6: =IFERROR(MATCH(SMALL('Prospect Tracker'!$X$5:$X$554,ROW()-4),'Prospect Tracker'!$X$5:$X$554,0),"") -> 2
A7: =IF($K7="","",IF(INDEX('Prospect Tracker'!$W$5:$W$554,$K7)="","",INDEX('Prospect Tracker'!$W$5:$W$554,$K7))) | B7: =IF($K7="","",IF(INDEX('Prospect Tracker'!$A$5:$A$554,$K7)="","",INDEX('Prospect Tracker'!$A$5:$A$554,$K7))) | C7: =IF($K7="","",IF(INDEX('Prospect Tracker'!$B$5:$B$554,$K7)="","",INDEX('Prospect Tracker'!$B$5:$B$554,$K7))) | D7: =IF($K7="","",IF(INDEX('Prospect Tracker'!$M$5:$M$554,$K7)="","",INDEX('Prospect Tracker'!$M$5:$M$554,$K7))) | E7: =IF($K7="","",IF(INDEX('Prospect Tracker'!$R$5:$R$554,$K7)="","",INDEX('Prospect Tracker'!$R$5:$R$554,$K7))) | F7: =IF($K7="","",IF(INDEX('Prospect Tracker'!$J$5:$J$554,$K7)="","",INDEX('Prospect Tracker'!$J$5:$J$554,$K7))) | G7: =IF($K7="","",IF(INDEX('Prospect Tracker'!$H$5:$H$554,$K7)="","",INDEX('Prospect Tracker'!$H$5:$H$554,$K7))) | H7: =IF($K7="","",IF(INDEX('Prospect Tracker'!$K$5:$K$554,$K7)="","",INDEX('Prospect Tracker'!$K$5:$K$554,$K7))) | I7: =IF($K7="","",IF(INDEX('Prospect Tracker'!$T$5:$T$554,$K7)="","",INDEX('Prospect Tracker'!$T$5:$T$554,$K7))) | J7: =IF($K7="","",IF(INDEX('Prospect Tracker'!$L$5:$L$554,$K7)="","",INDEX('Prospect Tracker'!$L$5:$L$554,$K7))) | K7: =IFERROR(MATCH(SMALL('Prospect Tracker'!$X$5:$X$554,ROW()-4),'Prospect Tracker'!$X$5:$X$554,0),"") -> 3
A8: =IF($K8="","",IF(INDEX('Prospect Tracker'!$W$5:$W$554,$K8)="","",INDEX('Prospect Tracker'!$W$5:$W$554,$K8))) | B8: =IF($K8="","",IF(INDEX('Prospect Tracker'!$A$5:$A$554,$K8)="","",INDEX('Prospect Tracker'!$A$5:$A$554,$K8))) | C8: =IF($K8="","",IF(INDEX('Prospect Tracker'!$B$5:$B$554,$K8)="","",INDEX('Prospect Tracker'!$B$5:$B$554,$K8))) | D8: =IF($K8="","",IF(INDEX('Prospect Tracker'!$M$5:$M$554,$K8)="","",INDEX('Prospect Tracker'!$M$5:$M$554,$K8))) | E8: =IF($K8="","",IF(INDEX('Prospect Tracker'!$R$5:$R$554,$K8)="","",INDEX('Prospect Tracker'!$R$5:$R$554,$K8))) | F8: =IF($K8="","",IF(INDEX('Prospect Tracker'!$J$5:$J$554,$K8)="","",INDEX('Prospect Tracker'!$J$5:$J$554,$K8))) | G8: =IF($K8="","",IF(INDEX('Prospect Tracker'!$H$5:$H$554,$K8)="","",INDEX('Prospect Tracker'!$H$5:$H$554,$K8))) | H8: =IF($K8="","",IF(INDEX('Prospect Tracker'!$K$5:$K$554,$K8)="","",INDEX('Prospect Tracker'!$K$5:$K$554,$K8))) | I8: =IF($K8="","",IF(INDEX('Prospect Tracker'!$T$5:$T$554,$K8)="","",INDEX('Prospect Tracker'!$T$5:$T$554,$K8))) | J8: =IF($K8="","",IF(INDEX('Prospect Tracker'!$L$5:$L$554,$K8)="","",INDEX('Prospect Tracker'!$L$5:$L$554,$K8))) | K8: =IFERROR(MATCH(SMALL('Prospect Tracker'!$X$5:$X$554,ROW()-4),'Prospect Tracker'!$X$5:$X$554,0),"") -> 4
A9: =IF($K9="","",IF(INDEX('Prospect Tracker'!$W$5:$W$554,$K9)="","",INDEX('Prospect Tracker'!$W$5:$W$554,$K9))) | B9: =IF($K9="","",IF(INDEX('Prospect Tracker'!$A$5:$A$554,$K9)="","",INDEX('Prospect Tracker'!$A$5:$A$554,$K9))) | C9: =IF($K9="","",IF(INDEX('Prospect Tracker'!$B$5:$B$554,$K9)="","",INDEX('Prospect Tracker'!$B$5:$B$554,$K9))) | D9: =IF($K9="","",IF(INDEX('Prospect Tracker'!$M$5:$M$554,$K9)="","",INDEX('Prospect Tracker'!$M$5:$M$554,$K9))) | E9: =IF($K9="","",IF(INDEX('Prospect Tracker'!$R$5:$R$554,$K9)="","",INDEX('Prospect Tracker'!$R$5:$R$554,$K9))) | F9: =IF($K9="","",IF(INDEX('Prospect Tracker'!$J$5:$J$554,$K9)="","",INDEX('Prospect Tracker'!$J$5:$J$554,$K9))) | G9: =IF($K9="","",IF(INDEX('Prospect Tracker'!$H$5:$H$554,$K9)="","",INDEX('Prospect Tracker'!$H$5:$H$554,$K9))) | H9: =IF($K9="","",IF(INDEX('Prospect Tracker'!$K$5:$K$554,$K9)="","",INDEX('Prospect Tracker'!$K$5:$K$554,$K9))) | I9: =IF($K9="","",IF(INDEX('Prospect Tracker'!$T$5:$T$554,$K9)="","",INDEX('Prospect Tracker'!$T$5:$T$554,$K9))) | J9: =IF($K9="","",IF(INDEX('Prospect Tracker'!$L$5:$L$554,$K9)="","",INDEX('Prospect Tracker'!$L$5:$L$554,$K9))) | K9: =IFERROR(MATCH(SMALL('Prospect Tracker'!$X$5:$X$554,ROW()-4),'Prospect Tracker'!$X$5:$X$554,0),"") -> 5
A10: =IF($K10="","",IF(INDEX('Prospect Tracker'!$W$5:$W$554,$K10)="","",INDEX('Prospect Tracker'!$W$5:$W$554,$K10))) | B10: =IF($K10="","",IF(INDEX('Prospect Tracker'!$A$5:$A$554,$K10)="","",INDEX('Prospect Tracker'!$A$5:$A$554,$K10))) | C10: =IF($K10="","",IF(INDEX('Prospect Tracker'!$B$5:$B$554,$K10)="","",INDEX('Prospect Tracker'!$B$5:$B$554,$K10))) | D10: =IF($K10="","",IF(INDEX('Prospect Tracker'!$M$5:$M$554,$K10)="","",INDEX('Prospect Tracker'!$M$5:$M$554,$K10))) | E10: =IF($K10="","",IF(INDEX('Prospect Tracker'!$R$5:$R$554,$K10)="","",INDEX('Prospect Tracker'!$R$5:$R$554,$K10))) | F10: =IF($K10="","",IF(INDEX('Prospect Tracker'!$J$5:$J$554,$K10)="","",INDEX('Prospect Tracker'!$J$5:$J$554,$K10))) | G10: =IF($K10="","",IF(INDEX('Prospect Tracker'!$H$5:$H$554,$K10)="","",INDEX('Prospect Tracker'!$H$5:$H$554,$K10))) | H10: =IF($K10="","",IF(INDEX('Prospect Tracker'!$K$5:$K$554,$K10)="","",INDEX('Prospect Tracker'!$K$5:$K$554,$K10))) | I10: =IF($K10="","",IF(INDEX('Prospect Tracker'!$T$5:$T$554,$K10)="","",INDEX('Prospect Tracker'!$T$5:$T$554,$K10))) | J10: =IF($K10="","",IF(INDEX('Prospect Tracker'!$L$5:$L$554,$K10)="","",INDEX('Prospect Tracker'!$L$5:$L$554,$K10))) | K10: =IFERROR(MATCH(SMALL('Prospect Tracker'!$X$5:$X$554,ROW()-4),'Prospect Tracker'!$X$5:$X$554,0),"") -> 6
A11: =IF($K11="","",IF(INDEX('Prospect Tracker'!$W$5:$W$554,$K11)="","",INDEX('Prospect Tracker'!$W$5:$W$554,$K11))) | B11: =IF($K11="","",IF(INDEX('Prospect Tracker'!$A$5:$A$554,$K11)="","",INDEX('Prospect Tracker'!$A$5:$A$554,$K11))) | C11: =IF($K11="","",IF(INDEX('Prospect Tracker'!$B$5:$B$554,$K11)="","",INDEX('Prospect Tracker'!$B$5:$B$554,$K11))) | D11: =IF($K11="","",IF(INDEX('Prospect Tracker'!$M$5:$M$554,$K11)="","",INDEX('Prospect Tracker'!$M$5:$M$554,$K11))) | E11: =IF($K11="","",IF(INDEX('Prospect Tracker'!$R$5:$R$554,$K11)="","",INDEX('Prospect Tracker'!$R$5:$R$554,$K11))) | F11: =IF($K11="","",IF(INDEX('Prospect Tracker'!$J$5:$J$554,$K11)="","",INDEX('Prospect Tracker'!$J$5:$J$554,$K11))) | G11: =IF($K11="","",IF(INDEX('Prospect Tracker'!$H$5:$H$554,$K11)="","",INDEX('Prospect Tracker'!$H$5:$H$554,$K11))) | H11: =IF($K11="","",IF(INDEX('Prospect Tracker'!$K$5:$K$554,$K11)="","",INDEX('Prospect Tracker'!$K$5:$K$554,$K11))) | I11: =IF($K11="","",IF(INDEX('Prospect Tracker'!$T$5:$T$554,$K11)="","",INDEX('Prospect Tracker'!$T$5:$T$554,$K11))) | J11: =IF($K11="","",IF(INDEX('Prospect Tracker'!$L$5:$L$554,$K11)="","",INDEX('Prospect Tracker'!$L$5:$L$554,$K11))) | K11: =IFERROR(MATCH(SMALL('Prospect Tracker'!$X$5:$X$554,ROW()-4),'Prospect Tracker'!$X$5:$X$554,0),"") -> 7
A12: =IF($K12="","",IF(INDEX('Prospect Tracker'!$W$5:$W$554,$K12)="","",INDEX('Prospect Tracker'!$W$5:$W$554,$K12))) | B12: =IF($K12="","",IF(INDEX('Prospect Tracker'!$A$5:$A$554,$K12)="","",INDEX('Prospect Tracker'!$A$5:$A$554,$K12))) | C12: =IF($K12="","",IF(INDEX('Prospect Tracker'!$B$5:$B$554,$K12)="","",INDEX('Prospect Tracker'!$B$5:$B$554,$K12))) | D12: =IF($K12="","",IF(INDEX('Prospect Tracker'!$M$5:$M$554,$K12)="","",INDEX('Prospect Tracker'!$M$5:$M$554,$K12))) | E12: =IF($K12="","",IF(INDEX('Prospect Tracker'!$R$5:$R$554,$K12)="","",INDEX('Prospect Tracker'!$R$5:$R$554,$K12))) | F12: =IF($K12="","",IF(INDEX('Prospect Tracker'!$J$5:$J$554,$K12)="","",INDEX('Prospect Tracker'!$J$5:$J$554,$K12))) | G12: =IF($K12="","",IF(INDEX('Prospect Tracker'!$H$5:$H$554,$K12)="","",INDEX('Prospect Tracker'!$H$5:$H$554,$K12))) | H12: =IF($K12="","",IF(INDEX('Prospect Tracker'!$K$5:$K$554,$K12)="","",INDEX('Prospect Tracker'!$K$5:$K$554,$K12))) | I12: =IF($K12="","",IF(INDEX('Prospect Tracker'!$T$5:$T$554,$K12)="","",INDEX('Prospect Tracker'!$T$5:$T$554,$K12))) | J12: =IF($K12="","",IF(INDEX('Prospect Tracker'!$L$5:$L$554,$K12)="","",INDEX('Prospect Tracker'!$L$5:$L$554,$K12))) | K12: =IFERROR(MATCH(SMALL('Prospect Tracker'!$X$5:$X$554,ROW()-4),'Prospect Tracker'!$X$5:$X$554,0),"") -> 8
A13: =IF($K13="","",IF(INDEX('Prospect Tracker'!$W$5:$W$554,$K13)="","",INDEX('Prospect Tracker'!$W$5:$W$554,$K13))) | B13: =IF($K13="","",IF(INDEX('Prospect Tracker'!$A$5:$A$554,$K13)="","",INDEX('Prospect Tracker'!$A$5:$A$554,$K13))) | C13: =IF($K13="","",IF(INDEX('Prospect Tracker'!$B$5:$B$554,$K13)="","",INDEX('Prospect Tracker'!$B$5:$B$554,$K13))) | D13: =IF($K13="","",IF(INDEX('Prospect Tracker'!$M$5:$M$554,$K13)="","",INDEX('Prospect Tracker'!$M$5:$M$554,$K13))) | E13: =IF($K13="","",IF(INDEX('Prospect Tracker'!$R$5:$R$554,$K13)="","",INDEX('Prospect Tracker'!$R$5:$R$554,$K13))) | F13: =IF($K13="","",IF(INDEX('Prospect Tracker'!$J$5:$J$554,$K13)="","",INDEX('Prospect Tracker'!$J$5:$J$554,$K13))) | G13: =IF($K13="","",IF(INDEX('Prospect Tracker'!$H$5:$H$554,$K13)="","",INDEX('Prospect Tracker'!$H$5:$H$554,$K13))) | H13: =IF($K13="","",IF(INDEX('Prospect Tracker'!$K$5:$K$554,$K13)="","",INDEX('Prospect Tracker'!$K$5:$K$554,$K13))) | I13: =IF($K13="","",IF(INDEX('Prospect Tracker'!$T$5:$T$554,$K13)="","",INDEX('Prospect Tracker'!$T$5:$T$554,$K13))) | J13: =IF($K13="","",IF(INDEX('Prospect Tracker'!$L$5:$L$554,$K13)="","",INDEX('Prospect Tracker'!$L$5:$L$554,$K13))) | K13: =IFERROR(MATCH(SMALL('Prospect Tracker'!$X$5:$X$554,ROW()-4),'Prospect Tracker'!$X$5:$X$554,0),"") -> 9
A14: =IF($K14="","",IF(INDEX('Prospect Tracker'!$W$5:$W$554,$K14)="","",INDEX('Prospect Tracker'!$W$5:$W$554,$K14))) | B14: =IF($K14="","",IF(INDEX('Prospect Tracker'!$A$5:$A$554,$K14)="","",INDEX('Prospect Tracker'!$A$5:$A$554,$K14))) | C14: =IF($K14="","",IF(INDEX('Prospect Tracker'!$B$5:$B$554,$K14)="","",INDEX('Prospect Tracker'!$B$5:$B$554,$K14))) | D14: =IF($K14="","",IF(INDEX('Prospect Tracker'!$M$5:$M$554,$K14)="","",INDEX('Prospect Tracker'!$M$5:$M$554,$K14))) | E14: =IF($K14="","",IF(INDEX('Prospect Tracker'!$R$5:$R$554,$K14)="","",INDEX('Prospect Tracker'!$R$5:$R$554,$K14))) | F14: =IF($K14="","",IF(INDEX('Prospect Tracker'!$J$5:$J$554,$K14)="","",INDEX('Prospect Tracker'!$J$5:$J$554,$K14))) | G14: =IF($K14="","",IF(INDEX('Prospect Tracker'!$H$5:$H$554,$K14)="","",INDEX('Prospect Tracker'!$H$5:$H$554,$K14))) | H14: =IF($K14="","",IF(INDEX('Prospect Tracker'!$K$5:$K$554,$K14)="","",INDEX('Prospect Tracker'!$K$5:$K$554,$K14))) | I14: =IF($K14="","",IF(INDEX('Prospect Tracker'!$T$5:$T$554,$K14)="","",INDEX('Prospect Tracker'!$T$5:$T$554,$K14))) | J14: =IF($K14="","",IF(INDEX('Prospect Tracker'!$L$5:$L$554,$K14)="","",INDEX('Prospect Tracker'!$L$5:$L$554,$K14))) | K14: =IFERROR(MATCH(SMALL('Prospect Tracker'!$X$5:$X$554,ROW()-4),'Prospect Tracker'!$X$5:$X$554,0),"") -> 10
A15: =IF($K15="","",IF(INDEX('Prospect Tracker'!$W$5:$W$554,$K15)="","",INDEX('Prospect Tracker'!$W$5:$W$554,$K15))) | B15: =IF($K15="","",IF(INDEX('Prospect Tracker'!$A$5:$A$554,$K15)="","",INDEX('Prospect Tracker'!$A$5:$A$554,$K15))) | C15: =IF($K15="","",IF(INDEX('Prospect Tracker'!$B$5:$B$554,$K15)="","",INDEX('Prospect Tracker'!$B$5:$B$554,$K15))) | D15: =IF($K15="","",IF(INDEX('Prospect Tracker'!$M$5:$M$554,$K15)="","",INDEX('Prospect Tracker'!$M$5:$M$554,$K15))) | E15: =IF($K15="","",IF(INDEX('Prospect Tracker'!$R$5:$R$554,$K15)="","",INDEX('Prospect Tracker'!$R$5:$R$554,$K15))) | F15: =IF($K15="","",IF(INDEX('Prospect Tracker'!$J$5:$J$554,$K15)="","",INDEX('Prospect Tracker'!$J$5:$J$554,$K15))) | G15: =IF($K15="","",IF(INDEX('Prospect Tracker'!$H$5:$H$554,$K15)="","",INDEX('Prospect Tracker'!$H$5:$H$554,$K15))) | H15: =IF($K15="","",IF(INDEX('Prospect Tracker'!$K$5:$K$554,$K15)="","",INDEX('Prospect Tracker'!$K$5:$K$554,$K15))) | I15: =IF($K15="","",IF(INDEX('Prospect Tracker'!$T$5:$T$554,$K15)="","",INDEX('Prospect Tracker'!$T$5:$T$554,$K15))) | J15: =IF($K15="","",IF(INDEX('Prospect Tracker'!$L$5:$L$554,$K15)="","",INDEX('Prospect Tracker'!$L$5:$L$554,$K15))) | K15: =IFERROR(MATCH(SMALL('Prospect Tracker'!$X$5:$X$554,ROW()-4),'Prospect Tracker'!$X$5:$X$554,0),"") -> 11
A16: =IF($K16="","",IF(INDEX('Prospect Tracker'!$W$5:$W$554,$K16)="","",INDEX('Prospect Tracker'!$W$5:$W$554,$K16))) | B16: =IF($K16="","",IF(INDEX('Prospect Tracker'!$A$5:$A$554,$K16)="","",INDEX('Prospect Tracker'!$A$5:$A$554,$K16))) | C16: =IF($K16="","",IF(INDEX('Prospect Tracker'!$B$5:$B$554,$K16)="","",INDEX('Prospect Tracker'!$B$5:$B$554,$K16))) | D16: =IF($K16="","",IF(INDEX('Prospect Tracker'!$M$5:$M$554,$K16)="","",INDEX('Prospect Tracker'!$M$5:$M$554,$K16))) | E16: =IF($K16="","",IF(INDEX('Prospect Tracker'!$R$5:$R$554,$K16)="","",INDEX('Prospect Tracker'!$R$5:$R$554,$K16))) | F16: =IF($K16="","",IF(INDEX('Prospect Tracker'!$J$5:$J$554,$K16)="","",INDEX('Prospect Tracker'!$J$5:$J$554,$K16))) | G16: =IF($K16="","",IF(INDEX('Prospect Tracker'!$H$5:$H$554,$K16)="","",INDEX('Prospect Tracker'!$H$5:$H$554,$K16))) | H16: =IF($K16="","",IF(INDEX('Prospect Tracker'!$K$5:$K$554,$K16)="","",INDEX('Prospect Tracker'!$K$5:$K$554,$K16))) | I16: =IF($K16="","",IF(INDEX('Prospect Tracker'!$T$5:$T$554,$K16)="","",INDEX('Prospect Tracker'!$T$5:$T$554,$K16))) | J16: =IF($K16="","",IF(INDEX('Prospect Tracker'!$L$5:$L$554,$K16)="","",INDEX('Prospect Tracker'!$L$5:$L$554,$K16))) | K16: =IFERROR(MATCH(SMALL('Prospect Tracker'!$X$5:$X$554,ROW()-4),'Prospect Tracker'!$X$5:$X$554,0),"") -> 12
... A554: =IF($K554="","",IF(INDEX('Prospect Tracker'!$W$5:$W$554,$K554)="","",INDEX('Prospect Tracker'!$W$5:$W$554,$K554))) | B554: =IF($K554="","",IF(INDEX('Prospect Tracker'!$A$5:$A$554,$K554)="","",INDEX('Prospect Tracker'!$A$5:$A$554,$K554))) | C554: =IF($K554="","",IF(INDEX('Prospect Tracker'!$B$5:$B$554,$K554)="","",INDEX('Prospect Tracker'!$B$5:$B$554,$K554))) | D554: =IF($K554="","",IF(INDEX('Prospect Tracker'!$M$5:$M$554,$K554)="","",INDEX('Prospect Tracker'!$M$5:$M$554,$K554))) | E554: =IF($K554="","",IF(INDEX('Prospect Tracker'!$R$5:$R$554,$K554)="","",INDEX('Prospect Tracker'!$R$5:$R$554,$K554))) | F554: =IF($K554="","",IF(INDEX('Prospect Tracker'!$J$5:$J$554,$K554)="","",INDEX('Prospect Tracker'!$J$5:$J$554,$K554))) | G554: =IF($K554="","",IF(INDEX('Prospect Tracker'!$H$5:$H$554,$K554)="","",INDEX('Prospect Tracker'!$H$5:$H$554,$K554))) | H554: =IF($K554="","",IF(INDEX('Prospect Tracker'!$K$5:$K$554,$K554)="","",INDEX('Prospect Tracker'!$K$5:$K$554,$K554))) | I554: =IF($K554="","",IF(INDEX('Prospect Tracker'!$T$5:$T$554,$K554)="","",INDEX('Prospect Tracker'!$T$5:$T$554,$K554))) | J554: =IF($K554="","",IF(INDEX('Prospect Tracker'!$L$5:$L$554,$K554)="","",INDEX('Prospect Tracker'!$L$5:$L$554,$K554))) | K554: =IFERROR(MATCH(SMALL('Prospect Tracker'!$X$5:$X$554,ROW()-4),'Prospect Tracker'!$X$5:$X$554,0),"") -> 550

Sheet Pipeline Summary
A1: Test Leader — Pipeline Summary
A3: Pipeline Stage Counts
A4: New Lead | B4: =COUNTIF('Prospect Tracker'!$R$5:$R$554,"New Lead") -> 0
A5: Contacted | B5: =COUNTIF('Prospect Tracker'!$R$5:$R$554,"Contacted") -> 0
A6: Presented | B6: =COUNTIF('Prospect Tracker'!$R$5:$R$554,"Presented") -> 0
A7: Follow-Up | B7: =COUNTIF('Prospect Tracker'!$R$5:$R$554,"Follow-Up") -> 0
A8: Sponsored | B8: =COUNTIF('Prospect Tracker'!$R$5:$R$554,"Sponsored") -> 0
A9: Onboarded | B9: =COUNTIF('Prospect Tracker'!$R$5:$R$554,"Onboarded") -> 0
A11: Overview
A12: Total Prospects Logged | B12: =SUMPRODUCT(--(TRIM('Prospect Tracker'!$A$5:$A$554)<>"")) -> 0
A13: Overdue Follow-Ups (>7 days) | B13: =COUNTIF('Prospect Tracker'!$T$5:$T$554,">7") -> 0
A15: Enrollment Breakdown
A16: Member | B16: =COUNTIF('Prospect Tracker'!$M$5:$M$554,"Member") -> 0
A17: Ambassador | B17: =COUNTIF('Prospect Tracker'!$M$5:$M$554,"Ambassador") -> 0
A18: Interested | B18: =COUNTIF('Prospect Tracker'!$M$5:$M$554,"Interested") -> 0
A20: Referral Ask Breakdown
A21: Not Asked | B21: =COUNTIF('Prospect Tracker'!$O$5:$O$554,"Not Asked") -> 0
A22: Asked | B22: =COUNTIF('Prospect Tracker'!$O$5:$O$554,"Asked") -> 0
A23: Referrals Given | B23: =COUNTIF('Prospect Tracker'!$O$5:$O$554,"Referrals Given") -> 0

Sheet How To Use
A1: How To Use This Tracker
B3: First Name / Last Name
B4: Prospect name is split into two columns so you can sort and search by last name. For couples entered together (e.g. "Tom and Paula"), both first names go in First Name and the shared surname goes in Last Name.
B6: Phone / Email
B7: Contact info, optional.
B9: Source / How Met
B10: Where the lead came from — Facebook, referral, in person, etc.
B12: Date Contacted
B13: The date you first reached out.
B15: Contact Method
B16: How you reached them — dropdown menu.
B18: Slide Deck: Sent/In Person
B19: Whether you sent the Bio-Age slide deck digitally or presented it in person.
... B61: One row per prospect, always. If someone re-engages after going cold, just update their existing row rather than creating a duplicate.
